	store	address	phone	입력주소	X	Y	CLSS	PNU	주소구분	표준신주소	표준구주소	우편번호	행정동코드	행정동명	법정동코드	법정동명
0	학동역 DT점	서울시 강남구 학동로 211 1층  	02-3444-9973	서울시 강남구 학동로 211 1층  	127.0320655	37.5146878	정좌표	1.16801E+18	새주소	서울특별시 강남구 학동로 211	서울특별시 강남구 논현동 88-9	6052	1168053100	논현2동	1168010800	논현동
1	차병원점	서울시 강남구 논현로 566 강남차병원1층  	02-538-7615	서울시 강남구 논현로 566 강남차병원1층  	127.0348165	37.5066099	정좌표	1.16801E+18	새주소	서울특별시 강남구 논현로 566	서울특별시 강남구 역삼동 650-9	6135	1168064000	역삼1동	1168010100	역삼동
2	강남대로점	서울시 서초구 강남대로 369 1층  	02-588-5778	서울시 서초구 강남대로 369 1층  	127.0282173	37.4956621	정좌표	1.16501E+18	새주소	서울특별시 서초구 강남대로 369	서울특별시 서초구 서초동 1328-3	6621	1165052000	서초2동	1165010800	서초동
3	강남에스점	서울시 서초구 서초 1306-3호  	02-593-5095	서울시 서초구 서초 1306-3호  	127.0327471	37.4837784	시군구 좌표	11650	판별불가		서울특별시 서초구	NULL				
4	청담에스점	" 서울시 강남구 압구정로 461 네이처포엠빌딩B108,109호   "	02-548-6052	"서울시 강남구 압구정로 461 네이처포엠빌딩B108,109호   "	127.0472583	37.5252725	정좌표	1.16801E+18	새주소	서울특별시 강남구 압구정로 461	서울특별시 강남구 청담동 118-17	6011	1168056500	청담동	1168010400	청담동
5	신사점	서울시 강남구 도산대로 126  	02-548-2741	서울시 강남구 도산대로 126  	127.0224095	37.516969	정좌표	1.16801E+18	새주소	서울특별시 강남구 도산대로 126	서울특별시 강남구 논현동 4-2	6039	1168052100	논현1동	1168010800	논현동
6	압구정역점	서울시 강남구 논현로 842 압구정빌딩1층  	02-544-6823	서울시 강남구 논현로 842 압구정빌딩1층  	127.0287656	37.5240497	정좌표	1.16801E+18	새주소	서울특별시 강남구 논현로 842	서울특별시 강남구 신사동 599	6025	1168054500	압구정동	1168010700	신사동
7	역삼점	" 서울시 강남구 논현로 512  지상1,2층   "	02-569-8051	"서울시 강남구 논현로 512  지상1,2층   "	127.0365338	37.502353	정좌표	1.16801E+18	새주소	서울특별시 강남구 논현로 512	서울특별시 강남구 역삼동 668-17	6140	1168064000	역삼1동	1168010100	역삼동
8	양재스포타임점	서울시 서초구 강남대로 213 24호 지하1층  	02-578-6833	서울시 서초구 강남대로 213 24호 지하1층  	127.0349871	37.4828055	정좌표	1.16501E+18	새주소	서울특별시 서초구 강남대로 213	서울특별시 서초구 양재동 24	6749	1165065100	양재1동	1165010200	양재동
9	청담성당점	서울시 강남구 삼성로 716 LEE76빌딩2층  	02-542-2053	서울시 강남구 삼성로 716 LEE76빌딩2층  	127.0500529	37.5199068	정좌표	1.16801E+18	새주소	서울특별시 강남구 삼성로 716	서울특별시 강남구 청담동 76	6074	1168056500	청담동	1168010400	청담동
10	영동점	서울 서초구 반포동 736-17 P빌딩 2층  	02-3443-2096	서울 서초구 반포동 736-17 P빌딩 2층  	127.022869	37.5068811	정좌표	1.16501E+18	구주소	서울특별시 서초구 강남대로 503	서울특별시 서초구 반포동 736-17	6536	1165056000	반포1동	1165010700	반포동
11	도곡점	" 서울시 강남구 언주로 30길 10,112 현대비젼21 112호   "	02-572-2781	"서울시 강남구 언주로 30길 10,112 현대비젼21 112호   "	127.0512914	37.4872987	정좌표	1.16801E+18	새주소	서울특별시 강남구 언주로30길 10	서울특별시 강남구 도곡동 467-19	6295	1168065600	도곡2동	1168011800	도곡동
12	영동고앞점	" 서울시 강남구 선릉로 749 1,2층   "	02-544-3794	"서울시 강남구 선릉로 749 1,2층   "	127.0394785	37.5214521	정좌표	1.16801E+18	새주소	서울특별시 강남구 선릉로 749	서울특별시 강남구 논현동 101-24	6056	1168053100	논현2동	1168010800	논현동
13	압구정시티점	" 서울시 강남구 도산대로49길 13 1층 17,18호   "	02-543-5922	"서울시 강남구 도산대로49길 13 1층 17,18호   "	127.0369944	37.5237206	정좌표	1.16801E+18	새주소	서울특별시 강남구 도산대로49길 13	서울특별시 강남구 신사동 648-12	6020	1168054500	압구정동	1168010700	신사동
14	압구정로데오점	서울시 강남구 선릉로 157길 12 석전빌딩 1~4층  	02-3445-5093	서울시 강남구 선릉로 157길 12 석전빌딩 1~4층  	127.0390227	37.5261159	정좌표	1.16801E+18	새주소	서울특별시 강남구 선릉로157길 12	서울특별시 강남구 신사동 663-24	6018	1168054500	압구정동	1168010700	신사동
15	서초우성점	서울시 서초구 강남대로 51길 1 511 TOWER  1층  	02-582-0158	서울시 서초구 강남대로 51길 1 511 TOWER  1층  	127.0302755	37.4912909	정좌표	1.16501E+18	새주소	서울특별시 서초구 강남대로51길 1	서울특별시 서초구 서초동 1338-11	6628	1165052000	서초2동	1165010800	서초동
16	논현팍스타워점	서울시 강남구 논현 231-13호 팍스타워지하1층  	02-513-3870	서울시 강남구 논현 231-13호 팍스타워지하1층  	127.0473819	37.5173353	시군구 좌표	11680	판별불가		서울특별시 강남구	NULL				
17	삼성오크우드점	서울 강남구 영동대로 513 컨벤션별관A동 지하 2층  	02-3466-8507	서울 강남구 영동대로 513 컨벤션별관A동 지하 2층  	127.0593412	37.5117365	정좌표	1.16801E+18	새주소	서울특별시 강남구 영동대로 513	서울특별시 강남구 삼성동 159	6164	1168058000	삼성1동	1168010500	삼성동
18	트레이드타워점	서울시 강남구 영동대로 511 트레이드타워 지하1층  	02-6002-6470	서울시 강남구 영동대로 511 트레이드타워 지하1층  	127.060954	37.5103077	정좌표	1.16801E+18	새주소	서울특별시 강남구 영동대로 511	서울특별시 강남구 삼성동 159-1	6164	1168058000	삼성1동	1168010500	삼성동
19	삼성봉은사거리점	" 서울시 강남구 영동대로 607 1,2층   "	02-3443-5618	"서울시 강남구 영동대로 607 1,2층   "	127.0594869	37.5145489	정좌표	1.16801E+18	새주소	서울특별시 강남구 영동대로 607	서울특별시 강남구 삼성동 77-11	6087	1168058000	삼성1동	1168010500	삼성동
20	반포엘루체점	서울시 서초구 신반포로 23 1141호 엘루체백화점내1층1013~1015호  	02-3477-5571	서울시 서초구 신반포로 23 1141호 엘루체백화점내1층1013~1015호  	126.9872199	37.5017332	정좌표	1.16501E+18	새주소	서울특별시 서초구 신반포로 23	서울특별시 서초구 반포동 1141	6502	1165055000	반포본동	1165010700	반포동
21	잠실신천점	서울시 송파구 석촌호수로 118 1층  	02-416-9520	서울시 송파구 석촌호수로 118 1층  	127.0900133	37.5074265	정좌표	1.17101E+18	새주소	서울특별시 송파구 석촌호수로 118	서울특별시 송파구 잠실동 242-9	5566	1171065000	잠실본동	1171010100	잠실동
22	서초지파이브점	" 서울시 서초구 서초동 1685-8호 101~2호,113~4호,121호   "	02-3477-5580	"서울시 서초구 서초동 1685-8호 101~2호,113~4호,121호   "	127.0164141	37.4954113	정좌표	1.16501E+18	구주소	서울특별시 서초구 서초중앙로24길 27	서울특별시 서초구 서초동 1685-8	6601	1165053100	서초4동	1165010800	서초동
23	논현동수면센터점	서울시 강남구 논현로 717 1층  	02-3443-5575	서울시 강남구 논현로 717 1층  	127.0295491	37.5159647	정좌표	1.16801E+18	새주소	서울특별시 강남구 논현로 717	서울특별시 강남구 논현동 34-21	6041	1168052100	논현1동	1168010800	논현동
24	삼성전자강남사옥점	서울시 서초구 서초대로74길 11 지하2층  	02-2055-1142	서울시 서초구 서초대로74길 11 지하2층  	127.0269155	37.4966335	정좌표	1.16501E+18	새주소	서울특별시 서초구 서초대로74길 11	서울특별시 서초구 서초동 1320-10	6620	1165052000	서초2동	1165010800	서초동
25	삼성생명강남사옥점	서울시 서초구 서초대로74길 4 삼성생명보험서초타워내지하1층  	02-581-5562	서울시 서초구 서초대로74길 4 삼성생명보험서초타워내지하1층  	127.0257153	37.4967408	정좌표	1.16501E+18	새주소	서울특별시 서초구 서초대로74길 4	서울특별시 서초구 서초동 1321-15	6620	1165052000	서초2동	1165010800	서초동
26	방배카페골목점	서울특별시 서초구 방배중앙로 187  	02-592-7794	서울특별시 서초구 방배중앙로 187  	126.9855483	37.4957179	정좌표	1.16501E+18	새주소	서울특별시 서초구 방배중앙로 187	서울특별시 서초구 방배동 761-6	6554	1165059000	방배본동	1165010100	방배동
27	역삼포스틸타워뒷점	서울시 강남구 테헤란로 20길 10 쓰리엠타워1층  	02-554-9962	서울시 강남구 테헤란로 20길 10 쓰리엠타워1층  	127.0341555	37.4990898	정좌표	1.16801E+18	새주소	서울특별시 강남구 테헤란로20길 10	서울특별시 강남구 역삼동 735-32	6235	1168064000	역삼1동	1168010100	역삼동
28	테헤란로하이닉스뒷점	서울시 강남구 테헤란로 70길 12 1층  	02-538-9927	서울시 강남구 테헤란로 70길 12 1층  	127.0531741	37.5047672	정좌표	1.16801E+18	새주소	서울특별시 강남구 테헤란로70길 12	서울특별시 강남구 대치동 890-60	6193	1168063000	대치4동	1168010600	대치동
29	삼성봉은사로점	서울시 강남구 봉은사로 628 엘슨빌딩1층  	02-538-4523	서울시 강남구 봉은사로 628 엘슨빌딩1층  	127.0641797	37.5146763	정좌표	1.16801E+18	새주소	서울특별시 강남구 봉은사로 628	서울특별시 강남구 삼성동 162-2	6170	1168058000	삼성1동	1168010500	삼성동
30	방이점	서울시 송파구 오금로 11길 7  	02-415-5561	서울시 송파구 오금로 11길 7  	127.1079802	37.5145647	정좌표	1.17101E+18	새주소	서울특별시 송파구 오금로11길 7	서울특별시 송파구 방이동 24-3	5542	1171056200	방이2동	1171011100	방이동
31	매봉역점	서울시 강남구 논현로 38길 42 418호  	02-529-9947	서울시 강남구 논현로 38길 42 418호  	127.0450716	37.4855726	정좌표	1.16801E+18	새주소	서울특별시 강남구 논현로38길 42	서울특별시 강남구 도곡동 418	6296	1168065600	도곡2동	1168011800	도곡동
32	남부터미널역점	서울시 서초구 서초중앙로 43 로얄타워1층  	02-523-3671	서울시 서초구 서초중앙로 43 로얄타워1층  	127.0155824	37.4855468	정좌표	1.16501E+18	새주소	서울특별시 서초구 서초중앙로 43	서울특별시 서초구 서초동 1602-5	6654	1165053000	서초3동	1165010800	서초동
33	강남역랭기지타워점	서울시 강남구 테헤란로4길 28 826-28호 1층  	02-563-3655	서울시 강남구 테헤란로4길 28 826-28호 1층  	127.0300722	37.4965153	정좌표	1.16801E+18	새주소	서울특별시 강남구 테헤란로4길 28	서울특별시 강남구 역삼동 826-28	6241	1168064000	역삼1동	1168010100	역삼동
34	도심공항타워점	서울시 강남구 테헤란로87길 36 공항타워 1층  	02-2016-5330	서울시 강남구 테헤란로87길 36 공항타워 1층  	127.0583649	37.510215	정좌표	1.16801E+18	새주소	서울특별시 강남구 테헤란로87길 36	서울특별시 강남구 삼성동 159	6164	1168058000	삼성1동	1168010500	삼성동
35	청담카페점	" 서울시 강남구 도산대로 67길 7,파크빌딩 1층   "	02-514-5622	"서울시 강남구 도산대로 67길 7,파크빌딩 1층   "	127.0443834	37.5244924	정좌표	1.16801E+18	새주소	서울특별시 강남구 도산대로67길 7	서울특별시 강남구 청담동 92-12	6016	1168056500	청담동	1168010400	청담동
36	광화문점	서울 종로구 서린동 136 센트리얼빌딩 1층  	02-3210-2326	서울 종로구 서린동 136 센트리얼빌딩 1층  	126.9788613	37.569825	정좌표	1.11101E+18	구주소	서울특별시 종로구 종로 14	서울특별시 종로구 서린동 136	3187	1111061500	종로1.2.3.4가동	1111012300	서린동
37	경희궁의아침점	서울시 종로구 새문안로3길 23 경희궁아침상가4단지105외  	02-730-8896	서울시 종로구 새문안로3길 23 경희궁아침상가4단지105외  	126.9722018	37.5725424	정좌표	1.11101E+18	새주소	서울특별시 종로구 새문안로3길 23	서울특별시 종로구 내수동 73	3174	1111053000	사직동	1111011800	내수동
38	홍대역점	서울시 마포구 홍익로 6길 26  	02-333-4278	서울시 마포구 홍익로 6길 26  	126.9232717	37.5554732	정좌표	1.14401E+18	새주소	서울특별시 마포구 홍익로6길 26	서울특별시 마포구 동교동 163-12	4050	1144066000	서교동	1144012100	동교동
39	순화점	서울시 중구 순화202  1-94 프레이저플레이스레지던스1층  	02-2220-8198	서울시 중구 순화202  1-94 프레이저플레이스레지던스1층  	126.9974735	37.5637584	시군구 좌표	11140	판별불가		서울특별시 중구	NULL				
40	종로관철동점	" 서울시 종로구 청계천로 83 11-4호 지하1,지상1~3층   "	02-738-5333	"서울시 종로구 청계천로 83 11-4호 지하1,지상1~3층   "	126.9867357	37.5684782	정좌표	1.11101E+18	새주소	서울특별시 종로구 청계천로 83	서울특별시 종로구 관철동 11-4	3190	1111061500	종로1.2.3.4가동	1111013500	관철동
41	소공동삼화빌딩점	서울 중구 남대문로7길 16 한컴빌딩 1층  	02-753-8004	서울 중구 남대문로7길 16 한컴빌딩 1층  	126.9810566	37.5640683	정좌표	1.11401E+18	새주소	서울특별시 중구 남대문로7길 16	서울특별시 중구 소공동 21-1	4533	1114052000	소공동	1114011100	소공동
42	강변테크노마트점	서울시 광진구 광나루로56길 85 테크노마트9층35호  	02-3424-5480	서울시 광진구 광나루로56길 85 테크노마트9층35호  	127.0957117	37.5357272	정좌표	1.12151E+18	새주소	서울특별시 광진구 광나루로56길 85	서울특별시 광진구 구의동 546-4	5116	1121587000	구의3동	1121510300	구의동
43	외대앞점	서울시 동대문구 이문로 106 1~3층  	02-959-7750	서울시 동대문구 이문로 106 1~3층  	127.0602283	37.5960723	정좌표	1.12301E+18	새주소	서울특별시 동대문구 이문로 106	서울특별시 동대문구 이문동 288-94	2440	1123074000	이문1동	1123011000	이문동
44	고대안암역점	서울시 성북구 개운사길8 101-3 1층  	02-953-6652	서울시 성북구 개운사길8 101-3 1층  	127.0295824	37.5867148	정좌표	1.12901E+18	새주소	서울특별시 성북구 개운사길 8	서울특별시 성북구 안암동5가 101-3	2842	1129060000	안암동	1129012500	안암동5가
45	순화동라마다호텔점	서울시 중구 칠패로 27 151호  	02-3789-3347	서울시 중구 칠패로 27 151호  	126.9720689	37.5599718	정좌표	1.11402E+18	새주소	서울특별시 중구 칠패로 27	서울특별시 중구 순화동 151	4511	1114052000	소공동	1114016800	순화동
46	세종문화회관옆점	서울 종로구 새문안로 9길 25 1층  	02-720-5561	서울 종로구 새문안로 9길 25 1층  	126.9754782	37.5713635	정좌표	1.11101E+18	새주소	서울특별시 종로구 새문안로9길 25	서울특별시 종로구 당주동 20-1	3183	1111053000	사직동	1111011700	당주동
47	신촌점	서울시 서대문구 창천 18-26호 B1  	02-363-5572	서울시 서대문구 창천 18-26호 B1  	126.9367873	37.5792117	시군구 좌표	11410	판별불가		서울특별시 서대문구	NULL				
48	건대스타시티점	서울시 광진구 자양동 227-342호 롯데백화점 옆 더클래식500건물 1층  	02-444-9861	서울시 광진구 자양동 227-342호 롯데백화점 옆 더클래식500건물 1층  	127.0710892	37.5385546	정좌표	1.12151E+18	구주소	서울특별시 광진구 능동로 90	서울특별시 광진구 자양동 227-342	5065	1121584000	자양3동	1121510500	자양동
49	하나은행경복궁역점	" 서울시 종로구 사직로 130,1 현대적선빌딩1층   "	02-733-5108	"서울시 종로구 사직로 130,1 현대적선빌딩1층   "	126.9733288	37.5753815	정좌표	1.11101E+18	새주소	서울특별시 종로구 사직로 130	서울특별시 종로구 적선동 80	3170	1111053000	사직동	1111010700	적선동
50	중계동은행사거리점	서울시 노원구 한글비석로 263 1층  	02-931-3055	서울시 노원구 한글비석로 263 1층  	127.0764872	37.6512178	정좌표	1.13501E+18	새주소	서울특별시 노원구 한글비석로 263	서울특별시 노원구 중계동 359-11	1714	1135062100	중계1동	1135010600	중계동
51	서울스퀘어점	서울시 중구 한강대로 416 지하1층  	02-6456-8907	서울시 중구 한강대로 416 지하1층  	126.9737713	37.5555084	정좌표	1.11401E+18	새주소	서울특별시 중구 한강대로 416	서울특별시 중구 남대문로5가 541	4637	1114054000	회현동	1114011800	남대문로5가
52	목동점	서울시 양천구 목동동로 293 현대41타워1층  	02-2654-5981	서울시 양천구 목동동로 293 현대41타워1층  	126.8757846	37.5281888	정좌표	1.14701E+18	새주소	서울특별시 양천구 목동동로 293	서울특별시 양천구 목동 917-9	7997	1147051000	목1동	1147010200	목동
53	여의도34번지점	서울 영등포구 국제금융로 52 심팩빌딩 1층  	02-783-2043	서울 영등포구 국제금융로 52 심팩빌딩 1층  	126.9295119	37.5227322	정좌표	1.15601E+18	새주소	서울특별시 영등포구 국제금융로 52	서울특별시 영등포구 여의도동 34-1	7330	1156054000	여의동	1156011000	여의도동
54	여의도교보증권점	서울시 영등포구 의사당대로 97 26-4 교보증권빌딩1층  	02-783-6058	서울시 영등포구 의사당대로 97 26-4 교보증권빌딩1층  	126.924594	37.5225163	정좌표	1.15601E+18	새주소	서울특별시 영등포구 의사당대로 97	서울특별시 영등포구 여의도동 26-4	7327	1156054000	여의동	1156011000	여의도동
55	시흥홈플러스점	서울시 금천구 시흥대로 201 1층  	02-803-9994	서울시 금천구 시흥대로 201 1층  	126.9007973	37.4519168	정좌표	1.15451E+18	새주소	서울특별시 금천구 시흥대로 201	서울특별시 금천구 시흥동 992-47	8632	1154567000	시흥1동	1154510300	시흥동
56	여의도순복음교회옆점	서울시 영등포구 여의서로 43 한서리버파크2층  	02-780-7758	서울시 영등포구 여의서로 43 한서리버파크2층  	126.9248494	37.5307271	정좌표	1.15601E+18	새주소	서울특별시 영등포구 여의서로 43	서울특별시 영등포구 여의도동 11-11	7239	1156054000	여의동	1156011000	여의도동
57	부산광복동점	부산광역시 중구 창선동 2가 8-2  	051-243-9105	부산광역시 중구 창선동 2가 8-2  	129.0289657	35.099438	정좌표	2.61101E+18	구주소	부산광역시 중구 광복로 35	부산광역시 중구 창선동2가 8-2	48946	2611057000	광복동	2611013200	창선동2가
58	인천구월동점	" 인천광역시 남동구 예술로 138 지상1,2층   "	032-421-3418	"인천광역시 남동구 예술로 138 지상1,2층   "	126.7010195	37.4462045	정좌표	2.82001E+18	새주소	인천광역시 남동구 예술로 138	인천광역시 남동구 구월동 1456	21573	2820052100	구월3동	2820010100	구월동
59	대전탄방동점	대전시 서구 문정로76 1층  	042-471-9805	대전시 서구 문정로76 1층  	127.3877036	36.3464287	정좌표	3.01701E+18	새주소	대전광역시 서구 문정로 76	대전광역시 서구 탄방동 747	35263	3017055500	탄방동	3017010600	탄방동
60	일산웨스턴돔1호점	경기도 고양시 일산동구 정발산로 24 I동103~203호  	031-931-5573	경기도 고양시 일산동구 정발산로 24 I동103~203호  	126.7724198	37.6552661	정좌표	4.12851E+18	새주소	경기도 고양시 일산동구 정발산로 24	경기도 고양시 일산동구 장항동 868	10403	4128559000	장항2동	4128510400	장항동
61	분당서현점	" 경기도 성남시 분당구 분당로53번길 11 1층2,3호   "	031-705-8926	"경기도 성남시 분당구 분당로53번길 11 1층2,3호   "	127.1215661	37.3840483	정좌표	4.11351E+18	새주소	경기도 성남시 분당구 분당로53번길 11	경기도 성남시 분당구 서현동 269-5	13591	4113558000	서현1동	4113510500	서현동
62	분당플라자점	경기도 성남시 분당구 황새울로 326 서현빌딩상가내2층  	031-705-3188	경기도 성남시 분당구 황새울로 326 서현빌딩상가내2층  	127.1219609	37.3850515	정좌표	4.11351E+18	새주소	경기도 성남시 분당구 황새울로 326	경기도 성남시 분당구 서현동 270-1	13591	4113558000	서현1동	4113510500	서현동
63	분당차병원점	" 경기도 성남시 분당구 야탑로65번길 16, 분당차병원 신관동 1층 101호(야탑동)   "	031-781-0471	"경기도 성남시 분당구 야탑로65번길 16, 분당차병원 신관동 1층 101호(야탑동)   "	127.1263805	37.410954	정좌표	4.11351E+18	새주소	경기도 성남시 분당구 야탑로65번길 16	경기도 성남시 분당구 야탑동 354-1	13497	4113562000	야탑1동	4113510700	야탑동
64	분당수내점	경기도 성남시 분당구 황새울로 214번길8 MSPlaza내1층  	031-713-9937	경기도 성남시 분당구 황새울로 214번길8 MSPlaza내1층  	127.1123197	37.3781403	정좌표	4.11351E+18	새주소	경기도 성남시 분당구 황새울로214번길 8	경기도 성남시 분당구 수내동 21-1	13595	4113552000	수내1동	4113510200	수내동
65	동탄라마다호텔점	경기도 화성시 노작로 199 동탄라마다호텔107호~111호  	031-8003-8374	경기도 화성시 노작로 199 동탄라마다호텔107호~111호  	127.0747096	37.2058441	정좌표	4.15901E+18	새주소	경기도 화성시 노작로 199	경기도 화성시 반송동 90-3	18453	4159058500	동탄1동	4159012700	반송동
66	창원상남동점	경남 창원시 성산구 중앙대로 104 마이우스오피스텔 123호 207호  	055-211-0737	경남 창원시 성산구 중앙대로 104 마이우스오피스텔 123호 207호  	128.6807941	35.223449	정좌표	4.81231E+18	새주소	경상남도 창원시 성산구 중앙대로 104	경상남도 창원시 성산구 상남동 78-3	51494	4812352000	중앙동	4812312700	상남동
67	청주지웰시티점	" 충북 청주시 흥덕구 대농로 17 지웰시티몰 1층 124-1,125,126호   "	043-238-3151	"충북 청주시 흥덕구 대농로 17 지웰시티몰 1층 124-1,125,126호   "	127.4248917	36.643765	(무료버전 위치정밀도 제한)정좌표	43113	새주소	충청북도 청주시 흥덕구 대농로 17	충청북도 청주시 흥덕구 복대동 3379	28424	4311374100	복대1동	4311311400	복대동
68	무교CBTL점	서울 중구 세종대로 136 파이낸스빌딩 지하2층  	070-4140-7003	서울 중구 세종대로 136 파이낸스빌딩 지하2층  	126.9782692	37.5684233	정좌표	1.11401E+18	새주소	서울특별시 중구 세종대로 136	서울특별시 중구 무교동 97	4520	1114055000	명동	1114010100	무교동
69	국기원사거리점	서울시 강남구 테헤란로 8길 42 1층  	02-552-7106 	서울시 강남구 테헤란로 8길 42 1층  	127.0320684	37.4960632	정좌표	1.16801E+18	새주소	서울특별시 강남구 테헤란로8길 42	서울특별시 강남구 역삼동 827-65	6240	1168064000	역삼1동	1168010100	역삼동
70	무교점	" 서울시 중구 태평로1 84호 SFC빌딩B1,1-4   "	02-753-2374	"서울시 중구 태평로1 84호 SFC빌딩B1,1-4   "	126.9974735	37.5637584	(도로명 없음)시구군 좌표	11140	구주소		서울특별시 중구 1	NULL				
71	남대문점	서울시 중구 후암로110 581호 서울시티타워1층  	02-777-4217	서울시 중구 후암로110 581호 서울시티타워1층  	126.9741045	37.554322	정좌표	1.11401E+18	새주소	서울특별시 중구 후암로 110	서울특별시 중구 남대문로5가 581	4637	1114054000	회현동	1114011800	남대문로5가
72	올림픽플라자점	서울시 송파구 양재대로 1222 올림픽선수A 1층212~3호  	02-402-3571	서울시 송파구 양재대로 1222 올림픽선수A 1층212~3호  	127.1326752	37.5154244	정좌표	1.17101E+18	새주소	서울특별시 송파구 양재대로 1222	서울특별시 송파구 방이동 89-11	5648	1171056600	오륜동	1171011100	방이동
73	대학로마로니에점	" 서울시 종로구 대학로 12길 62 지하1층,지상1,2층   "	02-742-3318	"서울시 종로구 대학로 12길 62 지하1층,지상1,2층   "	127.003713	37.5814084	정좌표	1.11102E+18	새주소	서울특별시 종로구 대학로12길 62	서울특별시 종로구 동숭동 1-95	3086	1111064000	이화동	1111016800	동숭동
74	인사점	서울시 종로구 낙원동 272 오라카이스위츠 1층  	02-6262-8100	서울시 종로구 낙원동 272 오라카이스위츠 1층  	126.9873646	37.5730248	정좌표	1.11101E+18	구주소	서울특별시 종로구 인사동4길 18	서울특별시 종로구 낙원동 272	3163	1111061500	종로1.2.3.4가동	1111013700	낙원동
75	테헤란로비젼타워점	서울시 강남구 테헤란로 312 707-2번지1층  	02-558-7101	서울시 강남구 테헤란로 312 707-2번지1층  	127.0466934	37.5038681	도로중심좌표	11680	새주소	서울특별시 강남구 테헤란로  707-2	서울특별시 강남구	NULL				
76	서울대입구역점	" 서울시 관악구 관악로 161 층일부 2,3층   "	02-882-3101	"서울시 관악구 관악로 161 층일부 2,3층   "	126.9521974	37.4796134	정좌표	1.16201E+18	새주소	서울특별시 관악구 관악로 161	서울특별시 관악구 봉천동 863-13	8787	1162059500	청룡동	1162010100	봉천동
77	코엑스인터점	서울시 강남구 봉은사로 524 코엑스 인터컨티넨탈아케이드  	02-569-3103	서울시 강남구 봉은사로 524 코엑스 인터컨티넨탈아케이드  	127.0571899	37.5128096	정좌표	1.16801E+18	새주소	서울특별시 강남구 봉은사로 524	서울특별시 강남구 삼성동 159	6164	1168058000	삼성1동	1168010500	삼성동
78	뉴압구정점	서울시 강남구 논현로 167길 9 낙산프라자 1층  	02-545-3181	서울시 강남구 논현로 167길 9 낙산프라자 1층  	127.027437	37.5244262	정좌표	1.16801E+18	새주소	서울특별시 강남구 논현로167길 9	서울특별시 강남구 신사동 570-12	6031	1168051000	신사동	1168010700	신사동
79	디큐브시티점	서울시 구로구 경인로 662 디큐브시티 4층  	02-2210-9484	서울시 구로구 경인로 662 디큐브시티 4층  	126.8887823	37.508471	정좌표	1.15301E+18	새주소	서울특별시 구로구 경인로 662	서울특별시 구로구 신도림동 692	8209	1153051000	신도림동	1153010100	신도림동
80	현대자동차여의도점	서울시 영등포구 국제금융로 20 1층  	02-783-3391	서울시 영등포구 국제금융로 20 1층  	126.9273089	37.5248927	정좌표	1.15601E+18	새주소	서울특별시 영등포구 국제금융로 20	서울특별시 영등포구 여의도동 24-1	7327	1156054000	여의동	1156011000	여의도동
81	선릉로93길점	서울시 강남구 선릉로93길 6(역삼동) 1층  	02-552-3177	서울시 강남구 선릉로93길 6(역삼동) 1층  	127.047926	37.5056711	정좌표	1.16801E+18	새주소	서울특별시 강남구 선릉로93길 6	서울특별시 강남구 역삼동 696-42	6149	1168064000	역삼1동	1168010100	역삼동
82	강남역먹자골목점	서울시 강남구 테헤란로1길 29 1층일부 및 2.3층  	02-552-6311	서울시 강남구 테헤란로1길 29 1층일부 및 2.3층  	127.0273001	37.5001148	정좌표	1.16801E+18	새주소	서울특별시 강남구 테헤란로1길 29	서울특별시 강남구 역삼동 816-6	6129	1168064000	역삼1동	1168010100	역삼동
83	삼성로점	" 서울시 강남구 삼성로 551 1층,2층   "	02-552-9311 	"서울시 강남구 삼성로 551 1층,2층   "	127.0541289	37.5106677	정좌표	1.16801E+18	새주소	서울특별시 강남구 삼성로 551	서울특별시 강남구 삼성동 120-13	6155	1168059000	삼성2동	1168010500	삼성동
84	선릉로86길점	서울시 강남구 선릉로86길 11  	02-2051-8875	서울시 강남구 선릉로86길 11  	127.0505008	37.503304	정좌표	1.16801E+18	새주소	서울특별시 강남구 선릉로86길 11	서울특별시 강남구 대치동 889-74	6192	1168063000	대치4동	1168010600	대치동
85	안국역점	" 서울시 종로구 율곡로 47 1,2층   "	02-722-3356 	"서울시 종로구 율곡로 47 1,2층   "	126.9845684	37.5763617	정좌표	1.11101E+18	새주소	서울특별시 종로구 율곡로 47	서울특별시 종로구 안국동 163	3060	1111054000	삼청동	1111014100	안국동
86	뉴교보타워옆점	" 서울시 서초구 강남대로 449-3 알고코리아빌딩 1,2층   "	02-591-5177	"서울시 서초구 강남대로 449-3 알고코리아빌딩 1,2층   "	127.0248845	37.5023655	정좌표	1.16501E+18	새주소	서울특별시 서초구 강남대로 449-3	서울특별시 서초구 서초동 1304	6611	1165053100	서초4동	1165010800	서초동
87	IFC MALL2호점	서울시 영등포구 국제금융로10 IFC Mall L2  	02-6137-5054  	서울시 영등포구 국제금융로10 IFC Mall L2  	126.9257192	37.5253017	정좌표	1.15601E+18	새주소	서울특별시 영등포구 국제금융로 10	서울특별시 영등포구 여의도동 23	7326	1156054000	여의동	1156011000	여의도동
88	상암SBS미디어센터점	서울시 마포구 상암산로 82 SBS프리즘타워 1층  	02-2039-9027 	서울시 마포구 상암산로 82 SBS프리즘타워 1층  	126.8928419	37.5796907	정좌표	1.14401E+18	새주소	서울특별시 마포구 상암산로 82	서울특별시 마포구 상암동 1607-1	3926	1144074000	상암동	1144012700	상암동
89	마리오아울렛점	서울시 금천구 디지털로9길 23 마리오-2관 패션타워3층  	02-857-5501  	서울시 금천구 디지털로9길 23 마리오-2관 패션타워3층  	126.8864757	37.4787149	정좌표	1.15451E+18	새주소	서울특별시 금천구 디지털로9길 23	서울특별시 금천구 가산동 60-52	8511	1154551000	가산동	1154510100	가산동
90	현대자동차남양연구소점	경기도 화성시 장덕동 현대연구소로150 현대자동차남양연구소 설계1동1F  	031-357-8103 	경기도 화성시 장덕동 현대연구소로150 현대자동차남양연구소 설계1동1F  	126.8166195	37.15606	(무료버전 위치정밀도 제한)정좌표	41590	새주소	경기도 화성시 남양읍 현대연구소로 150	경기도 화성시 남양읍 장덕리 772-1	18280	4159026200	남양읍	4159026223	남양읍 장덕리
91	뉴가로수길점	서울시 강남구 가로수길 83  	02-544-7105	서울시 강남구 가로수길 83  	127.0223351	37.5235371	정좌표	1.16801E+18	새주소	서울특별시 강남구 가로수길 83	서울특별시 강남구 신사동 530-4	6028	1168051000	신사동	1168010700	신사동
92	서초뱅뱅사거리점	" 서울시 서초구 강남대로 267 2,3층   "	02-523-8841 	"서울시 서초구 강남대로 267 2,3층   "	127.0322852	37.4871535	정좌표	1.16501E+18	새주소	서울특별시 서초구 강남대로 267	서울특별시 서초구 서초동 1361-1	6730	1165052000	서초2동	1165010800	서초동
93	현대자동차성내점	" 서울시 강동구 천호대로 1096 1,2F   "	02-485-3361 	"서울시 강동구 천호대로 1096 1,2F   "	127.1332494	37.5352158	정좌표	1.17401E+18	새주소	서울특별시 강동구 천호대로 1096	서울특별시 강동구 성내동 192-3	5381	1174065000	성내2동	1174010800	성내동
94	수원인계점	경기도 수원시 팔달구 권광로 195 학산빌딩1층   	031-233-5631	경기도 수원시 팔달구 권광로 195 학산빌딩1층   	127.0326781	37.2649442	정좌표	4.11151E+18	새주소	경기도 수원시 팔달구 권광로 195	경기도 수원시 팔달구 인계동 1038-4	16489	4111573000	인계동	4111514100	인계동
95	판교아브뉴프랑점	경기도 성남시 분당구 동판교로177번길 25  	031-8016-8131	경기도 성남시 분당구 동판교로177번길 25  	127.1135958	37.3973067	정좌표	4.11351E+18	새주소	경기도 성남시 분당구 동판교로177번길 25	경기도 성남시 분당구 삼평동 740	13525	4113565500	삼평동	4113510900	삼평동
96	일산원마운트점	경기도 고양시 일산서구 한류월드로 300 원마운트스포츠몰 1층  	031-961-6520	경기도 고양시 일산서구 한류월드로 300 원마운트스포츠몰 1층  	126.7544752	37.6643763	정좌표	4.12871E+18	새주소	경기도 고양시 일산서구 한류월드로 300	경기도 고양시 일산서구 대화동 2606	10392	4128757000	대화동	4128710400	대화동
97	남양연구소C1식당점	경기 화성시 장덕동 현대연구소로150 현대자동차남양연구소 C1구역식당1F  	031-357-8172	경기 화성시 장덕동 현대연구소로150 현대자동차남양연구소 C1구역식당1F  	126.8153832	37.1552096	정좌표	4.15903E+18	새주소	경기도 화성시 남양읍 현대연구소로 150	경기도 화성시 남양읍 장덕리 772-1	18280	4159026200	남양읍	4159026223	남양읍 장덕리
98	여의도교보증권카페점	서울시 영등포구 의사당대로 97 교보증권빌딩 2층  	02-785-8845	서울시 영등포구 의사당대로 97 교보증권빌딩 2층  	126.924594	37.5225163	정좌표	1.15601E+18	새주소	서울특별시 영등포구 의사당대로 97	서울특별시 영등포구 여의도동 26-4	7327	1156054000	여의동	1156011000	여의도동
99	압구정현대아파트점	서울시 강남구 압구정로29길65 지하1층  	02-518-3350	서울시 강남구 압구정로29길65 지하1층  	127.0269922	37.5316759	정좌표	1.16801E+18	새주소	서울특별시 강남구 압구정로29길 65	서울특별시 강남구 압구정동 442	6005	1168054500	압구정동	1168011000	압구정동
100	역삼역4번출구점	서울시 강남구 테헤란로143 고운빌딩1층  	02-508-1137	서울시 강남구 테헤란로143 고운빌딩1층  	127.0349048	37.5006277	정좌표	1.16801E+18	새주소	서울특별시 강남구 테헤란로 143	서울특별시 강남구 역삼동 646-18	6132	1168064000	역삼1동	1168010100	역삼동
101	부평문화의거리점	" 인천광역시 부평구 시장로29 1,2층   "	032-507-9901	"인천광역시 부평구 시장로29 1,2층   "	126.7256074	37.4936682	정좌표	2.82371E+18	새주소	인천광역시 부평구 시장로 29	인천광역시 부평구 부평동 192-15	21394	2823755000	부평5동	2823710100	부평동
102	강남대로센터점	서울시 강남구 강남대로442 흥국화재빌딩 2층   	02-565-3345	서울시 강남구 강남대로442 흥국화재빌딩 2층   	127.0262333	37.5021423	정좌표	1.16801E+18	새주소	서울특별시 강남구 강남대로 442	서울특별시 강남구 역삼동 814-5	6123	1168064000	역삼1동	1168010100	역삼동
103	구로G-ValleyMall	서울시 구로구 디지털로300 지밸리비즈플라자 2층  	02-6344-3966	서울시 구로구 디지털로300 지밸리비즈플라자 2층  	126.8965373	37.4849274	정좌표	1.15301E+18	새주소	서울특별시 구로구 디지털로 300	서울특별시 구로구 구로동 188-25	8379	1153054000	구로3동	1153010200	구로동
104	내방역7번출구유중아트점	서울시 서초구 방배로178 유중아트센터1층  	02-592-8861	서울시 서초구 방배로178 유중아트센터1층  	126.9928575	37.4895452	정좌표	1.16501E+18	새주소	서울특별시 서초구 방배로 178	서울특별시 서초구 방배동 851-4	6586	1165062100	방배4동	1165010100	방배동
105	도심공항점	서울시 강남구 테헤란로87길22 도심공항터미널 지하1층  	02-551-6456 	서울시 강남구 테헤란로87길22 도심공항터미널 지하1층  	127.059458	37.509638	정좌표	1.16801E+18	새주소	서울특별시 강남구 테헤란로87길 22	서울특별시 강남구 삼성동 159-6	6164	1168058000	삼성1동	1168010500	삼성동
106	타임스퀘어점	서울시 영등포구 영중로15 타임스퀘어 1층  	02-2635-8830	서울시 영등포구 영중로15 타임스퀘어 1층  	126.9037198	37.5172425	정좌표	1.15601E+18	새주소	서울특별시 영등포구 영중로 15	서울특별시 영등포구 영등포동4가 442	7305	1156053500	영등포동	1156010500	영등포동4가
107	차병원사거리점	서울시 강남구 봉은사로207 KJ타워1층  	02-542-8813	서울시 강남구 봉은사로207 KJ타워1층  	127.0346649	37.5078431	정좌표	1.16801E+18	새주소	서울특별시 강남구 봉은사로 207	서울특별시 강남구 논현동 234-25	6109	1168053100	논현2동	1168010800	논현동
108	CBTL(커피빈)파르나스몰점	서울시 강남구 테헤란로521 파르나스몰 지하1층  	02-538-2008 	서울시 강남구 테헤란로521 파르나스몰 지하1층  	127.0607757	37.5091889	정좌표	1.16801E+18	새주소	서울특별시 강남구 테헤란로 521	서울특별시 강남구 삼성동 159-8	6164	1168058000	삼성1동	1168010500	삼성동
109	광화문역1번출구점	서울시 종로구 새문안로5가길 7 1층 일부  	02-723-3360	서울시 종로구 새문안로5가길 7 1층 일부  	126.9740324	37.5727836	정좌표	1.11101E+18	새주소	서울특별시 종로구 새문안로5가길 7	서울특별시 종로구 내수동 1	3173	1111053000	사직동	1111011800	내수동
110	남양연구소PT동점	경기도 화성시 장덕동 현대연구소로150 현대자동차남양연구소 PT동 1층  	031-355-1346	경기도 화성시 장덕동 현대연구소로150 현대자동차남양연구소 PT동 1층  	126.8153832	37.1552096	정좌표	4.15903E+18	새주소	경기도 화성시 남양읍 현대연구소로 150	경기도 화성시 남양읍 장덕리 772-1	18280	4159026200	남양읍	4159026223	남양읍 장덕리
111	현대프리미엄아울렛김포점	경기 김포시 고촌읍 전호리 654번지 현대프리미엄아울렛김포3층 618호  	031-8048-2618	경기 김포시 고촌읍 전호리 654번지 현대프리미엄아울렛김포3층 618호  	126.7858354	37.5983168	정좌표	4.15703E+18	구주소	경기도 김포시 고촌읍 아라육로152번길 100	경기도 김포시 고촌읍 전호리 654	10135	4157025300	고촌읍	4157025325	고촌읍 전호리
112	여의도신영증권별관점	서울시 영등포구 국제금융로8길6 신영증권별관빌딩2층  	02-782-1125	서울시 영등포구 국제금융로8길6 신영증권별관빌딩2층  	126.9297061	37.5218149	정좌표	1.15601E+18	새주소	서울특별시 영등포구 국제금융로8길 6	서울특별시 영등포구 여의도동 34-12	7330	1156054000	여의동	1156011000	여의도동
113	이태원제일기획옆점	서울시 용산구 이태원로220(한남동) 1층  	02-792-3560	서울시 용산구 이태원로220(한남동) 1층  	126.9984947	37.5348166	정좌표	1.11701E+18	새주소	서울특별시 용산구 이태원로 220	서울특별시 용산구 한남동 736-15	4404	1117068500	한남동	1117013100	한남동
114	강남역GT타워옆점	서울시 서초구 서초대로73길12 세계빌딩1층   	02-592-0053	서울시 서초구 서초대로73길12 세계빌딩1층   	127.0257595	37.4985613	정좌표	1.16501E+18	새주소	서울특별시 서초구 서초대로73길 12	서울특별시 서초구 서초동 1317-31	6615	1165053100	서초4동	1165010800	서초동
115	광교아브뉴프랑점	" 경기도 수원시 영통구 이의동 1332 광교아브뉴프랑 1층 A122,123호    "	031-216-9308	"경기도 수원시 영통구 이의동 1332 광교아브뉴프랑 1층 A122,123호    "	127.0505756	37.2905627	정좌표	4.11171E+18	구주소	경기도 수원시 영통구 센트럴타운로 85	경기도 수원시 영통구 이의동 1332	16507	4111760000	광교1동	4111710300	이의동
116	광장동대한제지점	서울시 광진구 아차산로563(광장동) 대한제지빌딩 로비층  	02-458-8166	서울시 광진구 아차산로563(광장동) 대한제지빌딩 로비층  	127.1029432	37.5441261	정좌표	1.12151E+18	새주소	서울특별시 광진구 아차산로 563	서울특별시 광진구 광장동 445-5	4983	1121581000	광장동	1121510400	광장동
117	신천역점	서울시 송파구 올림픽로100 효창타워1층  	02-417-8851	서울시 송파구 올림픽로100 효창타워1층  	127.0816057	37.5114252	정좌표	1.17101E+18	새주소	서울특별시 송파구 올림픽로 100	서울특별시 송파구 잠실동 181-3	5557	1171065000	잠실본동	1171010100	잠실동
118	낙성대역점	" 서울시 관악구 남부순환로1909 1,2층   "	02-875-3364	"서울시 관악구 남부순환로1909 1,2층   "	126.9615909	37.4781285	정좌표	1.16201E+18	새주소	서울특별시 관악구 남부순환로 1909	서울특별시 관악구 봉천동 1685-15	8742	1162057500	행운동	1162010100	봉천동
119	인천공항탑승동130gate앞점	인천광역시 중구 공항로272 인천국제공항탑승동3층 FB-C5-57  	032-743-7213 	인천광역시 중구 공항로272 인천국제공항탑승동3층 FB-C5-57  	126.4434567	37.4627436	(무료버전 위치정밀도 제한)정좌표	28110	새주소	인천광역시 중구 공항로  272	인천광역시 중구	NULL				
120	인천공항탑승동105gate앞점	인천광역시 중구 공항로272 인천국제공항탑승동3층 FB-C5-68  	032-743-7223	인천광역시 중구 공항로272 인천국제공항탑승동3층 FB-C5-68  	126.4434567	37.4627436	(무료버전 위치정밀도 제한)정좌표	28110	새주소	인천광역시 중구 공항로  272	인천광역시 중구	NULL				
121	석촌호수점	서울시 송파구 석촌호수로 222 제이타워 1층  	02-415-1235	서울시 송파구 석촌호수로 222 제이타워 1층  	127.1015658	37.5070644	정좌표	1.17101E+18	새주소	서울특별시 송파구 석촌호수로 222	서울특별시 송파구 석촌동 158-11	5610	1171060000	석촌동	1171010500	석촌동
122	오목교역사거리점	" 서울시 양천구 오목로 350 목동썬텍씨티빌딩 1층,2층   "	02-2653-8577 	"서울시 양천구 오목로 350 목동썬텍씨티빌딩 1층,2층   "	126.8762637	37.5241567	정좌표	1.14701E+18	새주소	서울특별시 양천구 오목로 350	서울특별시 양천구 목동 404-177	8007	1147051000	목1동	1147010200	목동
123	을지로입구역점	" 서울시 중구 남대문로10길 6 1,2층    "	02-752-3348	"서울시 중구 남대문로10길 6 1,2층    "	126.9832483	37.5668804	정좌표	1.11401E+18	새주소	서울특별시 중구 남대문로10길 6	서울특별시 중구 수하동 65-1	4539	1114055000	명동	1114010800	수하동
124	이천하이닉스점	경기 이천시 부발읍 하이닉스반도체  	031-8094-7013	경기 이천시 부발읍 하이닉스반도체  	127.4868882	37.2836525	법정동 좌표	41500	판별불가		경기도 이천시 부발읍	NULL	4150025300	부발읍	4150025300	부발읍
125	송도홈플러스점	인천광역시 연수구 송도국제대로 165(송도동) 홈플러스송도점1층  	032-822-5905	인천광역시 연수구 송도국제대로 165(송도동) 홈플러스송도점1층  	126.6563729	37.3802274	정좌표	2.81851E+18	새주소	인천광역시 연수구 송도국제대로 165	인천광역시 연수구 송도동 168-3	21984	2818584000	송도3동	2818510600	송도동
126	올림픽공원북2문앞점	서울시 강동구 강동대로193 1층  	02-471-2372	서울시 강동구 강동대로193 1층  	127.1279995	37.5245087	정좌표	1.17401E+18	새주소	서울특별시 강동구 강동대로 193	서울특별시 강동구 성내동 448-1	5402	1174064000	성내1동	1174010800	성내동
127	고대참살이길점	" 서울시 성북구 인촌로24길 25 (안암동5가) 2층,3층   "	02-923-7735	"서울시 성북구 인촌로24길 25 (안암동5가) 2층,3층   "	127.0295363	37.5850295	정좌표	1.12901E+18	새주소	서울특별시 성북구 인촌로24길 25	서울특별시 성북구 안암동5가 102-10	2856	1129060000	안암동	1129012500	안암동5가
128	삼성역글라스타워뒷점	서울시 강남구 영동대로85길 9 (대치동) 서전빌딩1층  	02-552-3363	서울시 강남구 영동대로85길 9 (대치동) 서전빌딩1층  	127.0629058	37.5070884	정좌표	1.16801E+18	새주소	서울특별시 강남구 영동대로85길 9	서울특별시 강남구 대치동 947	6182	1168061000	대치2동	1168010600	대치동
129	범계역로데오점	경기도 안양시 동안구 평촌대로 223번길 41(호계동 1045-9) 2층  	031-476-9082	경기도 안양시 동안구 평촌대로 223번길 41(호계동 1045-9) 2층  	126.9535294	37.390493	정좌표	4.11731E+18	새주소	경기도 안양시 동안구 평촌대로223번길 41	경기도 안양시 동안구 호계동 1046-9	14072	4117361000	범계동	4117310400	호계동
130	포스코옆삼성로86길점	서울특별시 강남구 삼성로86길 11 거봉빌딩 1층  	02-569-7501	서울특별시 강남구 삼성로86길 11 거봉빌딩 1층  	127.0583175	37.5058895	정좌표	1.16801E+18	새주소	서울특별시 강남구 삼성로86길 11	서울특별시 강남구 대치동 942-16	6178	1168061000	대치2동	1168010600	대치동
131	상암한국지역정보개발원점	서울시 마포구 성암로301 KLID한국지역정보개발원 1층  	02-376-9162	서울시 마포구 성암로301 KLID한국지역정보개발원 1층  	126.8879324	37.5824648	정좌표	1.14401E+18	새주소	서울특별시 마포구 성암로 301	서울특별시 마포구 상암동 1595	3923	1144074000	상암동	1144012700	상암동
132	분당정자점	경기도 성남시 분당구 정자일로 227(정자동) 백궁지엔느주차전용빌딩 1층  	031-786-1906	경기도 성남시 분당구 정자일로 227(정자동) 백궁지엔느주차전용빌딩 1층  	127.1056107	37.370701	정좌표	4.11351E+18	새주소	경기도 성남시 분당구 정자일로 227	경기도 성남시 분당구 정자동 12-1	13556	4113555000	정자1동	4113510300	정자동
133	신논현역점	서울특별시 강남구 봉은사로108 글라스톤빌딩1층  	02-569-9061	서울특별시 강남구 봉은사로108 글라스톤빌딩1층  	127.0255805	37.5045067	정좌표	1.16801E+18	새주소	서울특별시 강남구 봉은사로 108	서울특별시 강남구 역삼동 601	6123	1168064000	역삼1동	1168010100	역삼동
134	강서그랜드아이파크점	서울시 강서구 화곡6동 1095번지 1층  	02-2699-7462	서울시 강서구 화곡6동 1095번지 1층  	126.8514568	37.5549766	정좌표	1.15006E+18	구주소	서울특별시 강서구 화곡로 347	서울특별시 강서구 화곡동 1095	7649	1150059100	화곡6동	1150010300	화곡동
135	연대동문회관점	" 서울시 서대문구 대신동 50-5 1층,2층(B동)   "	02-362-8301	"서울시 서대문구 대신동 50-5 1층,2층(B동)   "	126.9433659	37.5631243	정좌표	1.14101E+18	구주소	서울특별시 서대문구 성산로 515	서울특별시 서대문구 대신동 50-5	3721	1141058500	신촌동	1141011300	대신동
136	장안점	" 서울시 동대문구 장안동 372-1, 1층 일부 및 2층 전체   "	02-2249-9826	"서울시 동대문구 장안동 372-1, 1층 일부 및 2층 전체   "	127.0705513	37.5709429	정좌표	1.12301E+18	구주소	서울특별시 동대문구 장한로 115	서울특별시 동대문구 장안동 372-1	2624	1123065000	장안1동	1123010600	장안동
137	수원망포역점	경기도 수원시 영통구 영통로 214번길 8 1층  	031-273-8751	경기도 수원시 영통구 영통로 214번길 8 1층  	127.0575682	37.2462221	정좌표	4.11171E+18	새주소	경기도 수원시 영통구 영통로214번길 8	경기도 수원시 영통구 영통동 976-2	16698	4111758000	영통2동	4111710500	영통동
138	매헌역점	서울시 서초구 동산로 1  1층  	02-2058-0921	서울시 서초구 동산로 1  1층  	127.0401387	37.4689983	정좌표	1.16501E+18	새주소	서울특별시 서초구 동산로 1	서울특별시 서초구 양재동 326-8	6779	1165065200	양재2동	1165010200	양재동
139	문래동점	서울시 영등포구 문래동6가 5번지 1층  	02-2069-3157	서울시 영등포구 문래동6가 5번지 1층  	126.8890691	37.5196466	정좌표	1.15601E+18	구주소	서울특별시 영등포구 선유로 63	서울특별시 영등포구 문래동6가 5	7281	1156060500	문래동	1156012400	문래동6가
140	해운대점	부산시 해운대구 해운대 해변로277 다옴빌딩1층  	051-746-8214	부산시 해운대구 해운대 해변로277 다옴빌딩1층  	129.1635146	35.1630938	시군구 좌표	26350	판별불가		부산광역시 해운대구	NULL				
141	역삼동태광타워점	서울시 강남구 역삼동 718-20  태광타워 1층  	02-569-9867	서울시 강남구 역삼동 718-20  태광타워 1층  	127.0398867	37.5010647	정좌표	1.16801E+18	구주소	서울특별시 강남구 테헤란로34길 6	서울특별시 강남구 역삼동 718-20	6220	1168065000	역삼2동	1168010100	역삼동
142	수지동천점	경기 용인시 수지구 손곡로 95 송란빌딩 1층  	031-896-9044	경기 용인시 수지구 손곡로 95 송란빌딩 1층  	127.0917819	37.3359042	정좌표	4.14651E+18	새주소	경기도 용인시 수지구 손곡로 95	경기도 용인시 수지구 동천동 948	16822	4146556000	동천동	4146510300	동천동
143	파주운정홈플러스점	경기도 파주시 청암로 17번길 17 1층  	031-949-1408	경기도 파주시 청암로 17번길 17 1층  	126.736765	37.7295644	정좌표	4.14801E+18	새주소	경기도 파주시 청암로17번길 17	경기도 파주시 목동동 927	10892	4148056000	운정2동	4148011700	목동동
144	잠원논현역점	서울시 서초구 신반포로47길 5 건물전체 1~3층  	02-541-7404	서울시 서초구 신반포로47길 5 건물전체 1~3층  	127.0194564	37.5109616	정좌표	1.16501E+18	새주소	서울특별시 서초구 신반포로47길 5	서울특별시 서초구 잠원동 40-4	6531	1165054000	잠원동	1165010600	잠원동
145	천호역점	서울시 강동구 올림픽로 659 쌍용플래티넘리버 1층  	02-488-5912	서울시 강동구 올림픽로 659 쌍용플래티넘리버 1층  	127.1235835	37.5403074	정좌표	1.17401E+18	새주소	서울특별시 강동구 올림픽로 659	서울특별시 강동구 천호동 432-10	5248	1174061000	천호2동	1174010900	천호동
146	홍대역8번출구점	서울시 마포구 양화로18안길 7 2층  	02-338-9463	서울시 마포구 양화로18안길 7 2층  	126.9250858	37.5568232	정좌표	1.14401E+18	새주소	서울특별시 마포구 양화로18안길 7	서울특별시 마포구 동교동 168-4	4051	1144066000	서교동	1144012100	동교동
147	산본역점	경기도 군포시 광정로58 1층 104호 및 2층  	031-399-8812	경기도 군포시 광정로58 1층 104호 및 2층  	126.930991	37.3585109	정좌표	4.14101E+18	새주소	경기도 군포시 광정로 58	경기도 군포시 산본동 1143-3	15865	4141062000	광정동	4141010400	산본동
148	원주AK플라자점	강원도 원주시 봉화로1 AK플라자원주점 1층  	033-748-0631	강원도 원주시 봉화로1 AK플라자원주점 1층  	127.9275509	37.3456306	정좌표	5.11301E+18	새주소	강원특별자치도 원주시 봉화로 1	강원도 원주시 단계동 1123	26437	5113059000	단계동	5113011000	단계동
149	화정중앙공원점	경기도 고양시 덕양구 화신로260번길 26 동민프라자 1층 103~107호  	031-979-9402	경기도 고양시 덕양구 화신로260번길 26 동민프라자 1층 103~107호  	126.8329878	37.6317427	정좌표	4.12811E+18	새주소	경기도 고양시 덕양구 화신로260번길 26	경기도 고양시 덕양구 화정동 986	10500	4128162200	화정2동	4128112300	화정동
150	강남역12번출구점	서울특별시 강남구 테헤란로 111 2층  	02-569-5838	서울특별시 강남구 테헤란로 111 2층  	127.0292839	37.4988786	정좌표	1.16801E+18	새주소	서울특별시 강남구 테헤란로 111	서울특별시 강남구 역삼동 822-5	6134	1168064000	역삼1동	1168010100	역삼동
151	서초부띠크모나코점	서울특별시 서초구 서초대로 397 부띠크모나코 1층  	02-537-4662	서울특별시 서초구 서초대로 397 부띠크모나코 1층  	127.0245189	37.4974337	정좌표	1.16501E+18	새주소	서울특별시 서초구 서초대로 397	서울특별시 서초구 서초동 1316-5	6616	1165053100	서초4동	1165010800	서초동
152	송파파크하비오점	서울특별시 송파구 송파대로 111 송파파크하비오 205동 1층 110-113  	02-449-6881	서울특별시 송파구 송파대로 111 송파파크하비오 205동 1층 110-113  	127.1235816	37.4804864	(무료버전 위치정밀도 제한)정좌표	11710	새주소	서울특별시 송파구 송파대로 111	서울특별시 송파구 문정동 618	5837	1171064200	문정2동	1171010800	문정동
153	문정역엠스테이트점	" 서울특별시 송파구 법원로 114, 엠스테이트 B동 지하 1층, B145-147    "	02-6177-9080	"서울특별시 송파구 법원로 114, 엠스테이트 B동 지하 1층, B145-147    "	127.1207172	37.4856372	인근좌표	11710	새주소	서울특별시 송파구 법원로  114	서울특별시 송파구	NULL				
154	상봉역점	서울특별시 중랑구 망우로 291 1층  	02-493-8902	서울특별시 중랑구 망우로 291 1층  	127.0848082	37.5964547	정좌표	1.12601E+18	새주소	서울특별시 중랑구 망우로 291	서울특별시 중랑구 상봉동 100-17	2098	1126058000	상봉1동	1126010200	상봉동
155	강동경희대병원앞점	서울특별시 강동구 동남로 885 양지빌딩 1층  	02-481-9938	서울특별시 강동구 동남로 885 양지빌딩 1층  	127.1559882	37.5526536	정좌표	1.17401E+18	새주소	서울특별시 강동구 동남로 885	서울특별시 강동구 명일동 48-6	5269	1174054000	명일2동	1174010100	명일동
156	노원역점	" 서울시 노원구 노해로 490, 길빌딩 2층   "	02-952-9577	"서울시 노원구 노해로 490, 길빌딩 2층   "	127.0624174	37.6544136	정좌표	1.13501E+18	새주소	서울특별시 노원구 노해로 490	서울특별시 노원구 상계동 724-1	1751	1135069500	상계6.7동	1135010500	상계동
157	종각역점	서울시 종로구 종로 70 2층  	02-739-6268	서울시 종로구 종로 70 2층  	126.9851654	37.5699154	정좌표	1.11101E+18	새주소	서울특별시 종로구 종로 70	서울특별시 종로구 관철동 16-5	3189	1111061500	종로1.2.3.4가동	1111013500	관철동
158	평택소사점	" 경기도 평택시 평남로 862, 로이드빌딩 1층   "	031-692-2405	"경기도 평택시 평남로 862, 로이드빌딩 1층   "	127.1115052	37.0004644	정좌표	4.12201E+18	새주소	경기도 평택시 평남로 862	경기도 평택시 비전동 1090-2	17854	4122062000	비전1동	4122011800	비전동
159	몽촌토성역점	" 서울시 송파구 방이동 44-2, 장은빌딩 1층   "	02-2141-0407	"서울시 송파구 방이동 44-2, 장은빌딩 1층   "	127.1127711	37.5169255	정좌표	1.17101E+18	구주소	서울특별시 송파구 위례성대로 2	서울특별시 송파구 방이동 44-2	5544	1171056200	방이2동	1171011100	방이동
160	도곡동지오빌딩점	" 서울특별시 강남구 도곡동 543-1, 지오빌딩 B1층   "	02-2058-3027	"서울특별시 강남구 도곡동 543-1, 지오빌딩 B1층   "	127.0416518	37.4921586	정좌표	1.16801E+18	구주소	서울특별시 강남구 도곡로 206	서울특별시 강남구 도곡동 543-1	6272	1168065500	도곡1동	1168011800	도곡동
161	강북구청앞점	" 서울특별시 강북구 한천로 139길 25, 1층 일부 및 2층 (수유동 191-70)   "	02-994-8878	"서울특별시 강북구 한천로 139길 25, 1층 일부 및 2층 (수유동 191-70)   "	127.0256954	37.6390598	정좌표	1.13051E+18	새주소	서울특별시 강북구 한천로139길 25	서울특별시 강북구 수유동 191-70	1074	1130563500	수유3동	1130510300	수유동
162	송도트리플스트리트점	"  인천 연수구 송도과학로 16번길 33-4 D동 119호,207호   "	032-310-9644	"인천 연수구 송도과학로 16번길 33-4 D동 119호,207호   "	126.6628367	37.3786608	(무료버전 위치정밀도 제한)정좌표	28185	새주소	인천광역시 연수구 송도과학로16번길  33-4	인천광역시 연수구	NULL				
163	구의삼성쉐르빌점	서울특별시 광진구 구의강변로 106 삼성쉐르빌 1층  	02-2201-8953	서울특별시 광진구 구의강변로 106 삼성쉐르빌 1층  	127.0949267	37.539821	정좌표	1.12151E+18	새주소	서울특별시 광진구 구의강변로 106	서울특별시 광진구 구의동 199-18	5117	1121587000	구의3동	1121510300	구의동
164	여의도SK증권빌딩점	서울특별시 영등포구 국제금융로8길31 여의도SK증권빌딩점 1층  	02-6484-5150	서울특별시 영등포구 국제금융로8길31 여의도SK증권빌딩점 1층  	126.9279817	37.5197809	정좌표	1.15601E+18	새주소	서울특별시 영등포구 국제금융로8길 31	서울특별시 영등포구 여의도동 45-1	7332	1156054000	여의동	1156011000	여의도동
165	현대시티몰가든파이브점	서울특별시 송파구 충민로 66 가든파이브 라이프동 테크노관 1층  	02-2673-2110	서울특별시 송파구 충민로 66 가든파이브 라이프동 테크노관 1층  	127.1249941	37.4776495	정좌표	1.17101E+18	새주소	서울특별시 송파구 충민로 66	서울특별시 송파구 문정동 516	5838	1171064200	문정2동	1171010800	문정동
166	위례2차아이파크점	서울시 송파구 위례광장로 230 위례2차 아이파크 B동 1층  	02-449-9703	서울시 송파구 위례광장로 230 위례2차 아이파크 B동 1층  	127.1434572	37.479632	(무료버전 위치정밀도 제한)정좌표	11710	새주소	서울특별시 송파구 위례광장로 230	서울특별시 송파구 장지동 884	5849	1171064700	위례동	1171010900	장지동
167	한성대입구역점	서울특별시 성북구 삼선교로 12 1층  	02-766-7951	서울특별시 성북구 삼선교로 12 1층  	127.0071406	37.5875914	정좌표	1.12901E+18	새주소	서울특별시 성북구 삼선교로 12	서울특별시 성북구 삼선동1가 25	2865	1129055500	삼선동	1129011100	삼선동1가
168	한티역디마크빌딩점	서울특별시 강남구 도곡로 408 디마크빌딩 1층  	02-2052-6590	서울특별시 강남구 도곡로 408 디마크빌딩 1층  	127.0552559	37.4966293	정좌표	1.16801E+18	새주소	서울특별시 강남구 도곡로 408	서울특별시 강남구 대치동 1024	6278	1168060000	대치1동	1168010600	대치동
169	논현201-5번지점	" 서울특별시 강남구  강남대로112길 20 1층, 2층   "	02-541-9563	"서울특별시 강남구  강남대로112길 20 1층, 2층   "	127.0260764	37.505511	정좌표	1.16801E+18	새주소	서울특별시 강남구 강남대로112길 20	서울특별시 강남구 논현동 201-5	6120	1168052100	논현1동	1168010800	논현동
170	수원송죽DT점	경기도 수원시 장안구 경수대로 989  	031-248-6086	경기도 수원시 장안구 경수대로 989  	127.0029483	37.305084	정좌표	4.11111E+18	새주소	경기도 수원시 장안구 경수대로 989	경기도 수원시 장안구 송죽동 451-24	16303	4111159100	송죽동	4111113500	송죽동
171	동교동삼거리점	서울특별시 마포구 양화로 196(동교동)  	02-336-9198 	서울특별시 마포구 양화로 196(동교동)  	126.926512	37.558386	정좌표	1.14401E+18	새주소	서울특별시 마포구 양화로 196	서울특별시 마포구 동교동 173-16	4056	1144066000	서교동	1144012100	동교동
172	성남신흥점	경기도 성남시 수정구 수정로 190 (신흥동)  	031-759-6675	경기도 성남시 수정구 수정로 190 (신흥동)  	127.1409884	37.4434184	정좌표	4.11311E+18	새주소	경기도 성남시 수정구 수정로 190	경기도 성남시 수정구 신흥동 5504	13338	4113151000	신흥1동	4113110100	신흥동
173	응암동점 	" 서울시 은평구 은평로 121(응암동), 메디컬빌딩   "	02-389-6283	"서울시 은평구 은평로 121(응암동), 메디컬빌딩   "	126.9210947	37.6004688	정좌표	1.13801E+18	새주소	서울특별시 은평구 은평로 121	서울특별시 은평구 응암동 89-19	3461	1138058000	응암1동	1138010700	응암동
174	서수원이마트점	" 경기도 수원시 권선구 수인로 291(구운동), 이마트 서수원점 1층   "	031-278-6593	"경기도 수원시 권선구 수인로 291(구운동), 이마트 서수원점 1층   "	126.9701471	37.2826276	정좌표	4.11131E+18	새주소	경기도 수원시 권선구 수인로 291	경기도 수원시 권선구 구운동 925	16405	4111365000	구운동	4111313200	구운동
175	양천향교역점	서울특별시 강서구 강서로 457(마곡동)  	02-3665-9506	서울특별시 강서구 강서로 457(마곡동)  	126.8404173	37.5662397	정좌표	1.15001E+18	새주소	서울특별시 강서구 강서로 457	서울특별시 강서구 마곡동 784-1	7792	1150060300	가양1동	1150010500	마곡동
176	성균관대 자연과학캠퍼스점	" 경기 수원시 장안구 서부로 2066, 성균관대 자연과학 캠퍼스 N센터 1층   "	031-278-7640	"경기 수원시 장안구 서부로 2066, 성균관대 자연과학 캠퍼스 N센터 1층   "	126.9762566	37.2936377	정좌표	4.11111E+18	새주소	경기도 수원시 장안구 서부로 2066	경기도 수원시 장안구 천천동 300	16419	4111156600	율천동	4111113300	천천동
177	마곡마커스빌딩점 	서울특별시 강서구 마곡동로 55 마커스빌딩 1층  	02-6905-3030	서울특별시 강서구 마곡동로 55 마커스빌딩 1층  	126.833043	37.560058	정좌표	1.15001E+18	새주소	서울특별시 강서구 마곡동로 55	서울특별시 강서구 마곡동 774-12	7802	1150060300	가양1동	1150010500	마곡동
178	방이역4번출구점	서울 송파구 방이동 206-11  	02-420-0386	서울 송파구 방이동 206-11  	127.1258118	37.5093548	정좌표	1.17101E+18	구주소	서울특별시 송파구 양재대로71길 1-20	서울특별시 송파구 방이동 206-11	5639	1171056100	방이1동	1171011100	방이동
179	IFC MALL 3호점	서울시 영등포구 국제금융로10 IFC Mall L2(2층)  	02-6137-5056	서울시 영등포구 국제금융로10 IFC Mall L2(2층)  	126.9257192	37.5253017	정좌표	1.15601E+18	새주소	서울특별시 영등포구 국제금융로 10	서울특별시 영등포구 여의도동 23	7326	1156054000	여의동	1156011000	여의도동
180	동탄능동DT점	" 경기도 화성시 능동 453-4,453-8,454-1 소재 건물(1~3층)   "	031-267-4182	"경기도 화성시 능동 453-4,453-8,454-1 소재 건물(1~3층)   "	127.0563504	37.2109887	정좌표	4.15901E+18	구주소	경기도 화성시 동탄지성로 177	경기도 화성시 능동 453-4	18421	4159052000	진안동	4159011800	능동
181	수원인계DT점	경기도 수원시 팔달구 인계로79 (인계동)  	031-898-8818	경기도 수원시 팔달구 인계로79 (인계동)  	127.0265497	37.2689489	정좌표	4.11151E+18	새주소	경기도 수원시 팔달구 인계로 79	경기도 수원시 팔달구 인계동 967-1	16481	4111573000	인계동	4111514100	인계동
182	인천공항 제2여객터미널 입구점	인천광역시 중구 운서동 2868 인천공항 제2터미널 1층 연번(23-124)  	032-743-2894	인천광역시 중구 운서동 2868 인천공항 제2터미널 1층 연번(23-124)  	126.4306283	37.4686557	정좌표	2.81101E+18	구주소	인천광역시 중구 공항로 272	인천광역시 중구 운서동 2868	22382	2811062800	운서동	2811014700	운서동
183	부산서면서전로점	" 부산광역시 부산진구 서전로 12, 1층   "	051-819-8708	"부산광역시 부산진구 서전로 12, 1층   "	129.0608675	35.1575101	정좌표	2.62301E+18	새주소	부산광역시 부산진구 서전로 12	부산광역시 부산진구 부전동 153-1	47292	2623052000	부전2동	2623010300	부전동
184	분당차병원본관앞점	경기도 성남시 분당구 야탑로64 DS타워 1층  	031-8017-8243	경기도 성남시 분당구 야탑로64 DS타워 1층  	127.1259793	37.4095093	정좌표	4.11351E+18	새주소	경기도 성남시 분당구 야탑로 64	경기도 성남시 분당구 야탑동 502	13520	4113563000	야탑2동	4113510700	야탑동
185	신용산역래미안점	서울시 용산구 한강대로95  	02-2074-1049	서울시 용산구 한강대로95  	126.9668037	37.5289661	정좌표	1.11701E+18	새주소	서울특별시 용산구 한강대로 95	서울특별시 용산구 한강로2가 342	4378	1117062500	한강로동	1117012500	한강로2가
186	선릉역3번출구세방빌딩점	서울특별시 강남구 선릉로 433 세방빌딩 1층  	02-2051-9328	서울특별시 강남구 선릉로 433 세방빌딩 1층  	127.0489226	37.5037869	정좌표	1.16801E+18	새주소	서울특별시 강남구 선릉로 433	서울특별시 강남구 역삼동 708-8	6212	1168065000	역삼2동	1168010100	역삼동
187	광명아브뉴프랑점	경기도 광명시 양지로16 아브뉴프랑 지하 2층 (주)커피빈코리아 광명아브뉴프랑점  	02-899-7460	경기도 광명시 양지로16 아브뉴프랑 지하 2층 (주)커피빈코리아 광명아브뉴프랑점  	126.8803611	37.4163948	정좌표	4.12101E+18	새주소	경기도 광명시 양지로 16	경기도 광명시 일직동 513	14346	4121065500	일직동	4121010600	일직동
188	새문안로점	" 서울특별시 종로구 새문안로 91 고려빌딩 1,2층    "	02-739-5806	"서울특별시 종로구 새문안로 91 고려빌딩 1,2층    "	126.9746986	37.5704287	정좌표	1.11101E+18	새주소	서울특별시 종로구 새문안로 91	서울특별시 종로구 신문로1가 20	3182	1111053000	사직동	1111012000	신문로1가
189	문정동환인제약빌딩점	서울특별시 송파구 법원로6길 11 환인빌딩 1층   	02-449-9569	서울특별시 송파구 법원로6길 11 환인빌딩 1층   	127.1222556	37.4836573	정좌표	1.17101E+18	새주소	서울특별시 송파구 법원로6길 11	서울특별시 송파구 문정동 651-13	5855	1171064200	문정2동	1171010800	문정동
190	경희대점	서울시 동대문구 경희대로 10 (회기동)  	02-3295-4552	서울시 동대문구 경희대로 10 (회기동)  	127.0526763	37.5924078	정좌표	1.12301E+18	새주소	서울특별시 동대문구 경희대로 10	서울특별시 동대문구 회기동 16-49	2453	1123071000	회기동	1123010800	회기동
191	파주DT점	경기도 파주시 문발로 131  	031-8070-0028	경기도 파주시 문발로 131  	126.6861843	37.7063155	정좌표	4.14801E+18	새주소	경기도 파주시 문발로 131	경기도 파주시 문발동 530-5	10881	4148054000	교하동	4148011500	문발동
192	창원시티세븐점	" 경상남도 창원시 성산구 원이대로 320, 더시티세븐S-105호(대원동)   "	055-600-5361	"경상남도 창원시 성산구 원이대로 320, 더시티세븐S-105호(대원동)   "	128.6528052	35.2400178	정좌표	4.81231E+18	새주소	경상남도 창원시 성산구 원이대로 320	경상남도 창원시 성산구 대원동 121	51408	4812352000	중앙동	4812313700	대원동
193	종로구청앞점	서울특별시 종로구 종로3길 34  	02-739-6151	서울특별시 종로구 종로3길 34  	126.9794785	37.5718847	정좌표	1.11101E+18	새주소	서울특별시 종로구 종로3길 34	서울특별시 종로구 청진동 184-1	3156	1111061500	종로1.2.3.4가동	1111012200	청진동
194	상수역점	" 서울시 마포구 와우산로10길 3, 엘케이빌딩 1~3층   "	02-325-6804	"서울시 마포구 와우산로10길 3, 엘케이빌딩 1~3층   "	126.9231848	37.548138	정좌표	1.14401E+18	새주소	서울특별시 마포구 와우산로10길 3	서울특별시 마포구 상수동 143-31	4068	1144065500	서강동	1144011500	상수동
195	안양시청앞점	" 경기도 안양시 동안구 시민대로 260, 1층 104,105호   "	031-5177-4770	"경기도 안양시 동안구 시민대로 260, 1층 104,105호   "	126.9594726	37.3935369	정좌표	4.11731E+18	새주소	경기도 안양시 동안구 시민대로 260	경기도 안양시 동안구 관양동 1591-11	14067	4117356600	부림동	4117310200	관양동
196	하남신세계백화점 B1점	" 경기도 하남시 미사대로 750, 신세계백화점 지하1층 식품관   "	031-8072-1641	"경기도 하남시 미사대로 750, 신세계백화점 지하1층 식품관   "	127.2237423	37.5454325	정좌표	4.14501E+18	새주소	경기도 하남시 미사대로 750	경기도 하남시 신장동 616	12942	4145053000	신장2동	4145010600	신장동
197	종로센트로폴리스점	" 서울시 종로구 우정국로 26 센트로폴리스 1층 Retail 1-5,6   "	02-6370-5845	"서울시 종로구 우정국로 26 센트로폴리스 1층 Retail 1-5,6   "	126.983413	37.5714141	(무료버전 위치정밀도 제한)정좌표	11110	새주소	서울특별시 종로구 우정국로 26	서울특별시 종로구 공평동 5-1	3161	1111061500	종로1.2.3.4가동	1111012700	공평동
198	잠실향군타워점	 서울특별시 송파구 올림픽로35길 123 1층  	02-412-8812	서울특별시 송파구 올림픽로35길 123 1층  	127.101385	37.516488	정좌표	1.17101E+18	새주소	서울특별시 송파구 올림픽로35길 123	서울특별시 송파구 신천동 7-29	5510	1171071000	잠실6동	1171010200	신천동
199	부산서면점	부산 부산진구 서면로 62-1 에이스메디컬타워 1F  	051-802-4282	부산 부산진구 서면로 62-1 에이스메디컬타워 1F  	129.058042	35.1562999	정좌표	2.62301E+18	새주소	부산광역시 부산진구 서면로 62-1	부산광역시 부산진구 부전동 256-4	47286	2623052000	부전2동	2623010300	부전동
200	영종도운서역점	" 인천시 중구 신도시남로 142번길 6 (메가스타 영종 139,140,141호)   "	032-746-9822	"인천시 중구 신도시남로 142번길 6 (메가스타 영종 139,140,141호)   "	126.4914893	37.4934242	정좌표	2.81101E+18	새주소	인천광역시 중구 신도시남로142번길 6	인천광역시 중구 운서동 2803-1	22371	2811062800	운서동	2811014700	운서동
201	동대입구역점	" 서울시 중구 장충동2가 188-11, 188-4, 188-5   "	02-2264-8247	"서울시 중구 장충동2가 188-11, 188-4, 188-5   "	127.0052241	37.5597332	정좌표	1.11401E+18	구주소	서울특별시 중구 동호로24길 11	서울특별시 중구 장충동2가 188-11	4617	1114058000	장충동	1114014400	장충동2가
202	해운대센텀호텔점	부산 해운대구 센텀3로 20 해운대센텀호텔 1F 101호  	051-743-5088	부산 해운대구 센텀3로 20 해운대센텀호텔 1F 101호  	129.1328459	35.1677922	정좌표	2.63501E+18	새주소	부산광역시 해운대구 센텀3로 20	부산광역시 해운대구 우동 1505	48060	2635052000	우2동	2635010500	우동
203	교대법원점	" 서울 서초구 서초중앙로 156, 1층   "	02- 3664-7716  	"서울 서초구 서초중앙로 156, 1층   "	127.0135386	37.4956486	정좌표	1.16501E+18	새주소	서울특별시 서초구 서초중앙로 156	서울특별시 서초구 서초동 1699-16	6605	1165053100	서초4동	1165010800	서초동
204	부천북부역사거리점	경기도 부천시 부천로25  	032-655-8954	경기도 부천시 부천로25  	126.7828954	37.4866856	정좌표	4.11901E+18	새주소	경기도 부천시 부천로 25	경기도 부천시 심곡동 177-3	14634	4119060300	심곡동	4119010200	심곡동
205	부산남포역점	부산 중구 해관로 1 희남빌딩 1층  	051-246-6284	부산 중구 해관로 1 희남빌딩 1층  	129.0356717	35.0989392	정좌표	2.61101E+18	새주소	부산광역시 중구 해관로 1	부산광역시 중구 동광동1가 15	48955	2611052000	동광동	2611011100	동광동1가
206	광주상무역점	" 광주 서구 상무중앙로 9, 동양빌딩 1F   "	062-385-8371	"광주 서구 상무중앙로 9, 동양빌딩 1F   "	126.8479099	35.1477353	정좌표	2.91401E+18	새주소	광주광역시 서구 상무중앙로 9	광주광역시 서구 치평동 1176-1	61962	2914074500	치평동	2914012000	치평동
207	김포장기DT점	경기도 김포시 태장로 819  	031-987-0409	경기도 김포시 태장로 819  	126.6776732	37.6363751	정좌표	4.15701E+18	새주소	경기도 김포시 태장로 819	경기도 김포시 장기동 2090-2	10091	4157056000	장기동	4157010400	장기동
208	서초동점	서울특별시 서초구 반포대로70  	02-3665-9507	서울특별시 서초구 반포대로70  	127.0105354	37.4867031	정좌표	1.16501E+18	새주소	서울특별시 서초구 반포대로 70	서울특별시 서초구 서초동 1582-12	6652	1165053000	서초3동	1165010800	서초동
209	남양주화도DT점	경기도 남양주시 경춘로 1641  	031-591-2406	경기도 남양주시 경춘로 1641  	127.1909446	37.6241171	도로중심좌표	41360	새주소	경기도 남양주시 경춘로  1641	경기도 남양주시	NULL				
210	선정릉역점	서울시 강남구 봉은사로 331 SH빌딩점 B1-1층  	02-2058-3028	서울시 강남구 봉은사로 331 SH빌딩점 B1-1층  	127.0429696	37.5102895	정좌표	1.16801E+18	새주소	서울특별시 강남구 봉은사로 331	서울특별시 강남구 논현동 278-22	6103	1168053100	논현2동	1168010800	논현동
211	화곡역점	서울시 강서구 강서로 162  	02-766-7952	서울시 강서구 강서로 162  	126.8410398	37.5413954	정좌표	1.15001E+18	새주소	서울특별시 강서구 강서로 162	서울특별시 강서구 화곡동 1076-19	7727	1150059000	화곡본동	1150010300	화곡동
212	부천스타필드시티점	경기도 부천시 옥길동 768 부천스타필드시티점 4층  	02-6386-1423	경기도 부천시 옥길동 768 부천스타필드시티점 4층  	126.813914	37.4614747	정좌표	4.11901E+18	구주소	경기도 부천시 옥길로 1	경기도 부천시 옥길동 768	14789	4119079500	범안동	4119011500	옥길동
213	송도푸르지오월드마크점	" 인천시 연수구 컨벤시아대로 60, 1층   "	032-851-6269	"인천시 연수구 컨벤시아대로 60, 1층   "	126.6506579	37.397336	정좌표	2.81851E+18	새주소	인천광역시 연수구 컨벤시아대로 60	인천광역시 연수구 송도동 20-23	22001	2818583000	송도2동	2818510600	송도동
214	광주문화전당역점	광주광역시 동구 서남동 서석로 44 1층 ~ 2층  	062-236-6591	광주광역시 동구 서남동 서석로 44 1층 ~ 2층  	126.918403	35.1465372	정좌표	2.91101E+18	새주소	광주광역시 동구 서석로 44	광주광역시 동구 광산동 77-3	61487	2911065500	서남동	2911011300	광산동
215	대구228공원앞점	 대구광역시 중구 동성로3길 106  	 053-421-7436	대구광역시 중구 동성로3길 106  	128.5988104	35.8699266	정좌표	2.71101E+18	새주소	대구광역시 중구 동성로3길 106	대구광역시 중구 공평동 13-3	41938	2711056500	성내1동	2711012200	공평동
216	삼성루첸타워점	서울 강남구 대치동 943-2 루첸타워 1층 로비  	02-994-8879	서울 강남구 대치동 943-2 루첸타워 1층 로비  	127.0587778	37.5070646	정좌표	1.16801E+18	구주소	서울특별시 강남구 테헤란로 510	서울특별시 강남구 대치동 943-2	6179	1168061000	대치2동	1168010600	대치동
217	수원AK플라자점	경기도 수원시 팔달구 덕영대로 924 AK플라자 4층  	031-240-2246 ｜ 031-278-7641	경기도 수원시 팔달구 덕영대로 924 AK플라자 4층  	127.0001193	37.2657009	정좌표	4.11151E+18	새주소	경기도 수원시 팔달구 덕영대로 924	경기도 수원시 팔달구 매산로1가 18	16622	4111566000	매산동	4111513400	매산로1가
218	하나은행을지로본점	서울시 중구 을지로 35 하나은행 을지로본점 24F 내 스마트워크센터  	02-338-9179	서울시 중구 을지로 35 하나은행 을지로본점 24F 내 스마트워크센터  	126.9818508	37.5664269	정좌표	1.11401E+18	새주소	서울특별시 중구 을지로 35	서울특별시 중구 을지로1가 101-1	4523	1114055000	명동	1114010400	을지로1가
219	선릉KSA한국표준협회점	서울시 강남구 테헤란로69길 5 DT센터점 1층  	02-3141-7948	서울시 강남구 테헤란로69길 5 DT센터점 1층  	127.0523983	37.5061936	정좌표	1.16801E+18	새주소	서울특별시 강남구 테헤란로69길 5	서울특별시 강남구 삼성동 142-26	6160	1168059000	삼성2동	1168010500	삼성동
220	논현역6번출구앞점	서울시 서초구 강남대로 563 페이토플라자 1층 ( 잠원동 37-1 )  	02-755-3301	서울시 서초구 강남대로 563 페이토플라자 1층 ( 잠원동 37-1 )  	127.0202137	37.5118689	정좌표	1.16501E+18	새주소	서울특별시 서초구 강남대로 563	서울특별시 서초구 잠원동 37-1	6531	1165054000	잠원동	1165010600	잠원동
221	이태원몬드리안호텔점	서울시 용산구 장문로 23 몬드리안 서울 이태원호텔 101호  	02-3775-0548	서울시 용산구 장문로 23 몬드리안 서울 이태원호텔 101호  	126.9931138	37.5285627	정좌표	1.11701E+18	새주소	서울특별시 용산구 장문로 23	서울특별시 용산구 이태원동 22-76	4392	1117069000	서빙고동	1117013000	이태원동
222	광주봉선점	광주광역시 남구 봉선로 168  	062-671-3371	광주광역시 남구 봉선로 168  	126.9136475	35.1228513	정좌표	2.91551E+18	새주소	광주광역시 남구 봉선로 168	광주광역시 남구 봉선동 112	61704	2915553800	봉선2동	2915511500	봉선동
223	KB국민은행노원역점	" 서울시 노원구 동일로 1405, 1층 일부   "	02-930-9486	"서울시 노원구 동일로 1405, 1층 일부   "	127.0601809	37.6538281	정좌표	1.13501E+18	새주소	서울특별시 노원구 동일로 1405	서울특별시 노원구 상계동 731-5	1762	1135069500	상계6.7동	1135010500	상계동
224	수서역원방빌딩점	서울 강남구 광평로 51길 6-23 원방테크사옥 1층  	02-3473-3830	서울 강남구 광평로 51길 6-23 원방테크사옥 1층  	127.1041144	37.4887743	정좌표	1.16801E+18	새주소	서울특별시 강남구 광평로51길 6-23	서울특별시 강남구 수서동 717-4	6349	1168075000	수서동	1168011500	수서동
225	송파헬리오시티점	서울시 송파구 송파대로 345 ( 헬리오시티상가 3블럭 A동 B1층 22호 )  	02-777-3363	서울시 송파구 송파대로 345 ( 헬리오시티상가 3블럭 A동 B1층 22호 )  	127.1083642	37.4975016	정좌표	1.17101E+18	새주소	서울특별시 송파구 송파대로 345	서울특별시 송파구 가락동 479	5698	1171063100	가락1동	1171010700	가락동
226	청계천을지로점	서울 중구 남대문로10길 33 1F  	02-723-1771	서울 중구 남대문로10길 33 1F  	126.9844927	37.5677652	정좌표	1.11401E+18	새주소	서울특별시 중구 남대문로10길 33	서울특별시 중구 삼각동 30-1	4540	1114055000	명동	1114010700	삼각동
227	서초중앙로점	" 서울시 서초구 서초중앙로 209, 해성빌딩 1층   "	02-537-2992	"서울시 서초구 서초중앙로 209, 해성빌딩 1층   "	127.0118486	37.5003199	정좌표	1.16501E+18	새주소	서울특별시 서초구 서초중앙로 209	서울특별시 서초구 반포동 51-7	6593	1165058100	반포4동	1165010700	반포동
228	일산동구청점	경기도 고양시 일산동구 정발산로 38  	031-903-3989	경기도 고양시 일산동구 정발산로 38  	126.7731326	37.6567151	정좌표	4.12851E+18	새주소	경기도 고양시 일산동구 정발산로 38	경기도 고양시 일산동구 장항동 855	10403	4128559000	장항2동	4128510400	장항동
229	부산화명수정역점	" 부산광역시 북구 학사로 8  (화명동 2312), 크리스탈타워 2층 201~202호   "	051-361-3370	"부산광역시 북구 학사로 8  (화명동 2312), 크리스탈타워 2층 201~202호   "	129.0087315	35.2240451	정좌표	2.63201E+18	새주소	부산광역시 북구 학사로 8	부산광역시 북구 화명동 2313	46541	2632054100	화명1동	2632010200	화명동
230	용인역북점	경기도 용인시 처인구 역북동 598-7   	031-323-6886	경기도 용인시 처인구 역북동 598-7   	127.1882711	37.2295827	정좌표	4.14611E+18	구주소	경기도 용인시 처인구 명지로 71	경기도 용인시 처인구 역북동 598-7	17057	4146152500	역북동	4146110200	역북동
231	부산중앙역점	부산광역시 중구 중앙대로 102 팬오션빌딩 1F  	051-466-8856	부산광역시 중구 중앙대로 102 팬오션빌딩 1F  	129.0365269	35.106711	정좌표	2.61101E+18	새주소	부산광역시 중구 중앙대로 102	부산광역시 중구 중앙동4가 83-5	48938	2611051000	중앙동	2611010700	중앙동4가
232	천안신부동점	충남 천안시 동남구 만남로 48  	041-566-0718	충남 천안시 동남구 만남로 48  	127.1573923	36.8186051	정좌표	4.41311E+18	새주소	충청남도 천안시 동남구 만남로 48	충청남도 천안시 동남구 신부동 462-5	31123	4413159000	신안동	4413111800	신부동
233	제주아라점	제주도 제주시 연북로 511  	064-758-1194	제주도 제주시 연북로 511  	126.534543	33.4844441	정좌표	5.01101E+18	새주소	제주특별자치도 제주시 연북로 511	제주특별자치도 제주시 아라일동 2503	63234	5011063000	아라동	5011011700	아라일동
234	혜화역점	서울시 종로구 대명길 5  	02-745-9471	서울시 종로구 대명길 5  	127.0011599	37.5835313	정좌표	1.11102E+18	새주소	서울특별시 종로구 대명길 5	서울특별시 종로구 명륜4가 7	3078	1111065000	혜화동	1111017200	명륜4가
235	용인에버랜드점	경기도 용인시 처인구 포곡읍 가실리 156-1 (파크내 홀랜드빌리지 옆 암스테르담)  	031-334-0556	경기도 용인시 처인구 포곡읍 가실리 156-1 (파크내 홀랜드빌리지 옆 암스테르담)  	127.2005096	37.2903639	정좌표	4.14613E+18	구주소		경기도 용인시 처인구 포곡읍 가실리 156-1	17021	4146125000	포곡읍	4146125026	포곡읍 가실리
236	명동거리점	서울시 중구 명동 10길 52 명동역 신한은행 사옥 1층  	02-522-7158	서울시 중구 명동 10길 52 명동역 신한은행 사옥 1층  	126.985744	37.5614686	정좌표	1.11401E+18	새주소	서울특별시 중구 명동10길 52	서울특별시 중구 충무로2가 65-4	4536	1114055000	명동	1114012500	충무로2가
237	안양LS타워점	경기도 안양시 동안구 엘에스로 127 1층  	031-429-9650	경기도 안양시 동안구 엘에스로 127 1층  	126.9472094	37.3724336	정좌표	4.11731E+18	새주소	경기도 안양시 동안구 엘에스로 127	경기도 안양시 동안구 호계동 1026-6	14119	4117358000	호계1동	4117310400	호계동
238	상암SBS프리즘타워점	서울 마포구 상암산로 82 SBS 프리즘 타워 1층 로비  	02-562-9605	서울 마포구 상암산로 82 SBS 프리즘 타워 1층 로비  	126.8928419	37.5796907	정좌표	1.14401E+18	새주소	서울특별시 마포구 상암산로 82	서울특별시 마포구 상암동 1607-1	3926	1144074000	상암동	1144012700	상암동
239	용산아이파크몰점	" 서울시 용산구 한강대로 23길 55, 아이파크몰 테이스트파크 7층   "	02-2012-0731	"서울시 용산구 한강대로 23길 55, 아이파크몰 테이스트파크 7층   "	126.9646109	37.5296317	정좌표	1.11701E+18	새주소	서울특별시 용산구 한강대로23길 55	서울특별시 용산구 한강로3가 40-999	4377	1117062500	한강로동	1117012800	한강로3가
240	이천하이닉스 행복마을점	" 경기도 이천시 대산로288번길 89, 행복1마을 복지A동 지하1층   "	031-638-7018	"경기도 이천시 대산로288번길 89, 행복1마을 복지A동 지하1층   "	127.4745506	37.2495906	정좌표	4.15001E+18	새주소	경기도 이천시 대산로288번길 89	경기도 이천시 고담동 72-1	17336	4150052000	중리동	4150011400	고담동
241	진주LH본사점	경남 진주시 충의로 19 LH진주사옥 공감동 1층  	055-763-3520	경남 진주시 충의로 19 LH진주사옥 공감동 1층  	128.1454639	35.1786357	(무료버전 위치정밀도 제한)정좌표	48170	새주소	경상남도 진주시 충의로  19	경상남도 진주시	NULL				
242	하나금융명동사옥점	서울시 중구 을지로 66 하나은행 명동사옥 1층  	02-539-5174	서울시 중구 을지로 66 하나은행 명동사옥 1층  	126.9849315	37.5654623	정좌표	1.11401E+18	새주소	서울특별시 중구 을지로 66	서울특별시 중구 을지로2가 181	4538	1114055000	명동	1114010500	을지로2가
243	제주애월DT점	제주도 제주시 애월읍 애월해안로 560  	064-799-3670	제주도 제주시 애월읍 애월해안로 560  	126.3633774	33.4780734	정좌표	5.01103E+18	새주소	제주특별자치도 제주시 애월읍 애월해안로 560	제주특별자치도 제주시 애월읍 신엄리 2728-1	63047	5011025300	애월읍	5011025326	애월읍 신엄리
244	성균관대법학관점	서울시 종로구 성균관로 25-2 성균관대학교 법학관 B2  	02-740-1958	서울시 종로구 성균관로 25-2 성균관대학교 법학관 B2  	126.9930761	37.5877155	정좌표	1.11102E+18	새주소	서울특별시 종로구 성균관로 25-2	서울특별시 종로구 명륜3가 53-21	3063	1111065000	혜화동	1111017300	명륜3가
245	동탄타임테라스점	경기도 화성시 동탄중앙로220 타임테라스A 블록 1층 110호-1호  	031-613-7684	경기도 화성시 동탄중앙로220 타임테라스A 블록 1층 110호-1호  	127.0686264	37.2049133	정좌표	4.15901E+18	새주소	경기도 화성시 동탄중앙로 220	경기도 화성시 반송동 96	18445	4159058500	동탄1동	4159012700	반송동
